product_id,category,risk_class,primary_risk_driver,scenario,contingency_severity,action_priority,executive_action_score,action_type,action_owner,action_horizon,executive_action,scenario_response,additional_safety_stock_required,lost_sales_exposure,cost_change_vs_optimized,executive_confidence,executive_rationale
P00250,Accessories,Low,Demand Volatility,Combined Stress,Critical,P1 - Immediate,0.6081,Demand contingency,Demand Planning,0-7 days,Activate demand contingency and increase safety stock by approximately 486 units.,Activate demand contingency,486,1684.0,8111.53,Medium,"P1 - Immediate exposure under Combined Stress. Primary driver: Demand Volatility. Potential lost-sales exposure is 1,684 units with modeled fill-rate deterioration of 3.10%. Approximately 486 additional units of safety stock are indicated."
P01595,Office Supplies,Low,Demand Volatility,Combined Stress,Critical,P1 - Immediate,0.6017,Demand contingency,Demand Planning,0-7 days,Activate demand contingency and increase safety stock by approximately 791 units.,Activate demand contingency,791,1929.0,10417.42,Medium,"P1 - Immediate exposure under Combined Stress. Primary driver: Demand Volatility. Potential lost-sales exposure is 1,929 units with modeled fill-rate deterioration of 3.10%. Approximately 791 additional units of safety stock are indicated."
P01187,Office Supplies,Low,Demand Volatility,Combined Stress,Critical,P1 - Immediate,0.5814,Demand contingency,Demand Planning,0-7 days,Activate demand contingency and increase safety stock by approximately 800 units.,Activate demand contingency,800,1747.0,9901.99,Medium,"P1 - Immediate exposure under Combined Stress. Primary driver: Demand Volatility. Potential lost-sales exposure is 1,747 units with modeled fill-rate deterioration of 3.10%. Approximately 800 additional units of safety stock are indicated."
P01443,Office Supplies,High,Demand Volatility,Combined Stress,Moderate,P2 - High,0.7069,Inventory policy action,Inventory Planning,7-30 days,Execute optimization recommendation: Immediate intervention.,Monitor scenario exposure,915,0.0,1659.09,Medium,"Optimization analysis recommends immediate intervention. Modeled cost impact is $51,183.54, with lost-sales change of 5,383 units."
P01718,Office Supplies,Critical,Demand Volatility,Combined Stress,High,P2 - High,0.67,Demand risk mitigation,Demand Planning,7-30 days,"Prepare demand contingency and increase safety stock by approximately 1,055 units.",Prepare demand response,1055,9.0,1188.41,High,"P2 - High scenario exposure under Combined Stress. Primary driver: Demand Volatility. Potential lost-sales exposure is 9 units. Recommended contingency buffer is 1,055 units."
P01943,Office Supplies,Critical,Demand Volatility,Combined Stress,High,P2 - High,0.6652,Demand risk mitigation,Demand Planning,7-30 days,"Prepare demand contingency and increase safety stock by approximately 1,284 units.",Prepare demand response,1284,112.0,1826.63,High,"P2 - High scenario exposure under Combined Stress. Primary driver: Demand Volatility. Potential lost-sales exposure is 112 units. Recommended contingency buffer is 1,284 units."
P01345,Office Supplies,High,Demand Volatility,Combined Stress,Moderate,P2 - High,0.6254,Inventory buffer planning,Inventory Planning,7-30 days,Execute optimization recommendation: Immediate intervention.,Monitor scenario exposure,764,229.0,1814.76,Medium,"Optimization analysis recommends immediate intervention. Modeled cost impact is $34,645.52, with lost-sales change of 3,394 units."
P00649,Office Supplies,Low,Demand Volatility,Combined Stress,High,P2 - High,0.5919,Demand risk mitigation,Demand Planning,7-30 days,Prepare demand contingency and increase safety stock by approximately 583 units.,Prepare demand response,583,1017.0,7717.46,High,"P2 - High scenario exposure under Combined Stress. Primary driver: Demand Volatility. Potential lost-sales exposure is 1,017 units. Recommended contingency buffer is 583 units."
P00463,Office Supplies,Critical,Demand Volatility,Combined Stress,High,P2 - High,0.5791,Demand risk mitigation,Demand Planning,7-30 days,Prepare demand contingency and increase safety stock by approximately 935 units.,Prepare demand response,935,54.0,1251.15,High,P2 - High scenario exposure under Combined Stress. Primary driver: Demand Volatility. Potential lost-sales exposure is 54 units. Recommended contingency buffer is 935 units.
P00389,Office Supplies,Critical,Demand Volatility,Combined Stress,Moderate,P2 - High,0.5775,Inventory buffer planning,Inventory Planning,7-30 days,Execute optimization recommendation: Immediate intervention.,Monitor scenario exposure,848,6.0,922.57,Medium,"Optimization analysis recommends immediate intervention. Modeled cost impact is $24,398.47, with lost-sales change of 2,441 units."
P01235,Office Supplies,High,Demand Volatility,Combined Stress,Moderate,P2 - High,0.5709,Inventory policy action,Inventory Planning,7-30 days,Execute optimization recommendation: Immediate intervention.,Monitor scenario exposure,790,0.0,1476.85,Medium,"Optimization analysis recommends immediate intervention. Modeled cost impact is $27,560.33, with lost-sales change of 3,005 units."
P01633,Office Supplies,Critical,Demand Volatility,Combined Stress,High,P2 - High,0.5626,Demand risk mitigation,Demand Planning,7-30 days,"Prepare demand contingency and increase safety stock by approximately 1,013 units.",Prepare demand response,1013,17.0,1218.05,High,"P2 - High scenario exposure under Combined Stress. Primary driver: Demand Volatility. Potential lost-sales exposure is 17 units. Recommended contingency buffer is 1,013 units."
P00992,Office Supplies,High,Demand Volatility,Combined Stress,Moderate,P2 - High,0.5582,Inventory policy action,Inventory Planning,7-30 days,Execute optimization recommendation: Immediate intervention.,Monitor scenario exposure,973,0.0,1756.28,Medium,"Optimization analysis recommends immediate intervention. Modeled cost impact is $24,704.12, with lost-sales change of 2,768 units."
P01802,Office Supplies,High,Demand Volatility,Combined Stress,Moderate,P2 - High,0.5518,Inventory policy action,Inventory Planning,7-30 days,Execute optimization recommendation: Immediate intervention.,Monitor scenario exposure,442,0.0,705.86,Medium,"Optimization analysis recommends immediate intervention. Modeled cost impact is $19,679.57, with lost-sales change of 1,981 units."
P01273,Office Supplies,Critical,Demand Volatility,Combined Stress,High,P2 - High,0.5372,Demand risk mitigation,Demand Planning,7-30 days,"Prepare demand contingency and increase safety stock by approximately 1,340 units.",Prepare demand response,1340,0.0,1656.56,High,"P2 - High scenario exposure under Combined Stress. Primary driver: Demand Volatility. Potential lost-sales exposure is 0 units. Recommended contingency buffer is 1,340 units."
P01447,Office Supplies,High,Demand Volatility,Combined Stress,High,P2 - High,0.536,Demand risk mitigation,Demand Planning,7-30 days,Prepare demand contingency and increase safety stock by approximately 487 units.,Prepare demand response,487,0.0,813.02,High,P2 - High scenario exposure under Combined Stress. Primary driver: Demand Volatility. Potential lost-sales exposure is 0 units. Recommended contingency buffer is 487 units.
P00039,Office Supplies,High,Demand Volatility,Combined Stress,Moderate,P2 - High,0.5325,Inventory buffer planning,Inventory Planning,7-30 days,Execute optimization recommendation: Immediate intervention.,Monitor scenario exposure,1008,195.0,2235.18,Medium,"Optimization analysis recommends immediate intervention. Modeled cost impact is $19,991.60, with lost-sales change of 2,091 units."
P01672,Accessories,Medium,Supplier,Combined Stress,High,P2 - High,0.5302,Supplier risk mitigation,Procurement,7-30 days,Prepare alternate supplier coverage and increase inventory buffer by approximately 597 units.,Prepare alternate supplier,597,403.0,3230.37,Medium,P2 - High scenario exposure under Combined Stress. Primary driver: Supplier. Potential lost-sales exposure is 403 units. Recommended contingency buffer is 597 units.
P01081,Office Supplies,Critical,Demand Volatility,Combined Stress,High,P2 - High,0.5273,Demand risk mitigation,Demand Planning,7-30 days,"Prepare demand contingency and increase safety stock by approximately 1,019 units.",Prepare demand response,1019,0.0,975.2,Medium,"P2 - High scenario exposure under Combined Stress. Primary driver: Demand Volatility. Potential lost-sales exposure is 0 units. Recommended contingency buffer is 1,019 units."
P00338,Office Supplies,Low,Supplier,Combined Stress,High,P2 - High,0.5247,Supplier risk mitigation,Procurement,7-30 days,Prepare alternate supplier coverage and increase inventory buffer by approximately 637 units.,Prepare alternate supplier,637,653.0,7018.96,High,P2 - High scenario exposure under Combined Stress. Primary driver: Supplier. Potential lost-sales exposure is 653 units. Recommended contingency buffer is 637 units.
P01916,Office Supplies,Critical,Demand Volatility,Combined Stress,High,P2 - High,0.5205,Demand risk mitigation,Demand Planning,7-30 days,"Prepare demand contingency and increase safety stock by approximately 1,362 units.",Prepare demand response,1362,0.0,1459.08,High,"P2 - High scenario exposure under Combined Stress. Primary driver: Demand Volatility. Potential lost-sales exposure is 0 units. Recommended contingency buffer is 1,362 units."
P00648,Office Supplies,Critical,Demand Volatility,Combined Stress,High,P2 - High,0.5173,Demand risk mitigation,Demand Planning,7-30 days,"Prepare demand contingency and increase safety stock by approximately 1,399 units.",Prepare demand response,1399,54.0,1746.35,High,"P2 - High scenario exposure under Combined Stress. Primary driver: Demand Volatility. Potential lost-sales exposure is 54 units. Recommended contingency buffer is 1,399 units."
P01921,Office Supplies,High,Demand Volatility,Combined Stress,High,P2 - High,0.5166,Demand risk mitigation,Demand Planning,7-30 days,Prepare demand contingency and increase safety stock by approximately 924 units.,Prepare demand response,924,310.0,2640.37,High,P2 - High scenario exposure under Combined Stress. Primary driver: Demand Volatility. Potential lost-sales exposure is 310 units. Recommended contingency buffer is 924 units.
P00266,Office Supplies,Critical,Demand Volatility,Combined Stress,Moderate,P2 - High,0.5124,Inventory policy action,Inventory Planning,7-30 days,Execute optimization recommendation: Immediate intervention.,Monitor scenario exposure,328,0.0,475.42,Medium,"Optimization analysis recommends immediate intervention. Modeled cost impact is $9,346.14, with lost-sales change of 1,004 units."
P00775,Office Supplies,High,Demand Volatility,Combined Stress,High,P2 - High,0.5117,Demand risk mitigation,Demand Planning,7-30 days,Prepare demand contingency and increase safety stock by approximately 601 units.,Prepare demand response,601,0.0,1061.32,High,P2 - High scenario exposure under Combined Stress. Primary driver: Demand Volatility. Potential lost-sales exposure is 0 units. Recommended contingency buffer is 601 units.
P01612,Office Supplies,Low,Demand Volatility,Combined Stress,High,P2 - High,0.5102,Demand risk mitigation,Demand Planning,7-30 days,Prepare demand contingency and increase safety stock by approximately 622 units.,Prepare demand response,622,828.0,7519.18,High,P2 - High scenario exposure under Combined Stress. Primary driver: Demand Volatility. Potential lost-sales exposure is 828 units. Recommended contingency buffer is 622 units.
P01954,Office Supplies,Critical,Demand Volatility,Combined Stress,High,P2 - High,0.5086,Demand risk mitigation,Demand Planning,7-30 days,Prepare demand contingency and increase safety stock by approximately 344 units.,Prepare demand response,344,1.0,497.53,High,P2 - High scenario exposure under Combined Stress. Primary driver: Demand Volatility. Potential lost-sales exposure is 1 units. Recommended contingency buffer is 344 units.
P01371,Accessories,Medium,Supplier,Combined Stress,High,P2 - High,0.5086,Supplier risk mitigation,Procurement,7-30 days,Prepare alternate supplier coverage and increase inventory buffer by approximately 594 units.,Prepare alternate supplier,594,735.0,5025.22,High,P2 - High scenario exposure under Combined Stress. Primary driver: Supplier. Potential lost-sales exposure is 735 units. Recommended contingency buffer is 594 units.
P00305,Office Supplies,High,Demand Volatility,Combined Stress,Moderate,P2 - High,0.5049,Inventory policy action,Inventory Planning,7-30 days,Execute optimization recommendation: Immediate intervention.,Monitor scenario exposure,699,0.0,1082.21,Medium,"Optimization analysis recommends immediate intervention. Modeled cost impact is $18,010.87, with lost-sales change of 1,884 units."
P01862,Office Supplies,High,Demand Volatility,Combined Stress,Moderate,P2 - High,0.5038,Inventory buffer planning,Inventory Planning,7-30 days,Execute optimization recommendation: Immediate intervention.,Monitor scenario exposure,264,6.0,482.99,Medium,"Optimization analysis recommends immediate intervention. Modeled cost impact is $13,160.95, with lost-sales change of 1,356 units."
P00973,Office Supplies,Critical,Demand Volatility,Combined Stress,High,P2 - High,0.5034,Demand risk mitigation,Demand Planning,7-30 days,Prepare demand contingency and increase safety stock by approximately 699 units.,Prepare demand response,699,3.0,714.8,High,P2 - High scenario exposure under Combined Stress. Primary driver: Demand Volatility. Potential lost-sales exposure is 3 units. Recommended contingency buffer is 699 units.
P00548,Office Supplies,High,Demand Volatility,Combined Stress,Moderate,P2 - High,0.5024,Inventory buffer planning,Inventory Planning,7-30 days,Execute optimization recommendation: Immediate intervention.,Monitor scenario exposure,901,95.0,1994.1,Medium,"Optimization analysis recommends immediate intervention. Modeled cost impact is $13,843.58, with lost-sales change of 1,687 units."
P01794,Office Supplies,Low,Demand Volatility,Combined Stress,High,P2 - High,0.502,Demand risk mitigation,Demand Planning,7-30 days,Prepare demand contingency and increase safety stock by approximately 502 units.,Prepare demand response,502,1466.0,6981.3,Medium,"P2 - High scenario exposure under Combined Stress. Primary driver: Demand Volatility. Potential lost-sales exposure is 1,466 units. Recommended contingency buffer is 502 units."
P00258,Office Supplies,High,Demand Volatility,Combined Stress,Moderate,P2 - High,0.4993,Inventory policy action,Inventory Planning,7-30 days,Execute optimization recommendation: Immediate intervention.,Monitor scenario exposure,959,0.0,1174.35,Medium,"Optimization analysis recommends immediate intervention. Modeled cost impact is $19,574.88, with lost-sales change of 1,909 units."
P01458,Office Supplies,High,Demand Volatility,Combined Stress,Moderate,P2 - High,0.4975,Inventory buffer planning,Inventory Planning,7-30 days,Execute optimization recommendation: Immediate intervention.,Monitor scenario exposure,430,18.0,774.32,Medium,"Optimization analysis recommends immediate intervention. Modeled cost impact is $15,145.03, with lost-sales change of 1,548 units."
P01797,Office Supplies,High,Demand Volatility,Combined Stress,Moderate,P2 - High,0.4956,Inventory buffer planning,Inventory Planning,7-30 days,Execute optimization recommendation: Immediate intervention.,Monitor scenario exposure,342,97.0,893.59,Medium,"Optimization analysis recommends immediate intervention. Modeled cost impact is $11,196.83, with lost-sales change of 1,136 units."
P01038,Office Supplies,Critical,Demand Volatility,Combined Stress,High,P2 - High,0.4942,Demand risk mitigation,Demand Planning,7-30 days,Prepare demand contingency and increase safety stock by approximately 625 units.,Prepare demand response,625,0.0,752.05,Medium,P2 - High scenario exposure under Combined Stress. Primary driver: Demand Volatility. Potential lost-sales exposure is 0 units. Recommended contingency buffer is 625 units.
P00215,Office Supplies,Critical,Demand Volatility,Combined Stress,High,P2 - High,0.4927,Demand risk mitigation,Demand Planning,7-30 days,"Prepare demand contingency and increase safety stock by approximately 1,145 units.",Prepare demand response,1145,0.0,1235.69,Medium,"P2 - High scenario exposure under Combined Stress. Primary driver: Demand Volatility. Potential lost-sales exposure is 0 units. Recommended contingency buffer is 1,145 units."
P01404,Office Supplies,High,Demand Volatility,Combined Stress,Moderate,P2 - High,0.4921,Inventory policy action,Inventory Planning,7-30 days,Execute optimization recommendation: Immediate intervention.,Monitor scenario exposure,972,0.0,1425.84,Medium,"Optimization analysis recommends immediate intervention. Modeled cost impact is $15,507.38, with lost-sales change of 1,615 units."
P01153,Office Supplies,High,Demand Volatility,Combined Stress,High,P2 - High,0.4917,Demand risk mitigation,Demand Planning,7-30 days,Prepare demand contingency and increase safety stock by approximately 988 units.,Prepare demand response,988,552.0,3361.37,High,P2 - High scenario exposure under Combined Stress. Primary driver: Demand Volatility. Potential lost-sales exposure is 552 units. Recommended contingency buffer is 988 units.
P01590,Office Supplies,High,Demand Volatility,Combined Stress,Moderate,P2 - High,0.4906,Inventory policy action,Inventory Planning,7-30 days,Execute optimization recommendation: Immediate intervention.,Monitor scenario exposure,490,0.0,792.09,Medium,"Optimization analysis recommends immediate intervention. Modeled cost impact is $15,087.50, with lost-sales change of 1,532 units."
P00384,Accessories,Low,Supplier,Combined Stress,High,P2 - High,0.4889,Supplier risk mitigation,Procurement,7-30 days,Prepare alternate supplier coverage and increase inventory buffer by approximately 401 units.,Prepare alternate supplier,401,951.0,5403.23,Medium,P2 - High scenario exposure under Combined Stress. Primary driver: Supplier. Potential lost-sales exposure is 951 units. Recommended contingency buffer is 401 units.
P01156,Office Supplies,High,Demand Volatility,Combined Stress,Moderate,P2 - High,0.4883,Inventory policy action,Inventory Planning,7-30 days,Execute optimization recommendation: Immediate intervention.,Monitor scenario exposure,343,0.0,560.21,Medium,"Optimization analysis recommends immediate intervention. Modeled cost impact is $11,255.58, with lost-sales change of 1,160 units."
P00877,Office Supplies,Low,Demand Volatility,Combined Stress,High,P2 - High,0.4871,Demand risk mitigation,Demand Planning,7-30 days,Prepare demand contingency and increase safety stock by approximately 545 units.,Prepare demand response,545,1470.0,7939.48,Medium,"P2 - High scenario exposure under Combined Stress. Primary driver: Demand Volatility. Potential lost-sales exposure is 1,470 units. Recommended contingency buffer is 545 units."
P00236,Office Supplies,High,Demand Volatility,Combined Stress,High,P2 - High,0.4863,Demand risk mitigation,Demand Planning,7-30 days,Prepare demand contingency and increase safety stock by approximately 521 units.,Prepare demand response,521,49.0,1073.5,High,P2 - High scenario exposure under Combined Stress. Primary driver: Demand Volatility. Potential lost-sales exposure is 49 units. Recommended contingency buffer is 521 units.
P01860,Office Supplies,Critical,Demand Volatility,Combined Stress,High,P2 - High,0.4853,Demand risk mitigation,Demand Planning,7-30 days,"Prepare demand contingency and increase safety stock by approximately 1,372 units.",Prepare demand response,1372,122.0,1677.11,High,"P2 - High scenario exposure under Combined Stress. Primary driver: Demand Volatility. Potential lost-sales exposure is 122 units. Recommended contingency buffer is 1,372 units."
P00842,Office Supplies,Low,Supplier,Combined Stress,High,P2 - High,0.481,Supplier risk mitigation,Procurement,7-30 days,Prepare alternate supplier coverage and increase inventory buffer by approximately 619 units.,Prepare alternate supplier,619,557.0,5514.85,High,P2 - High scenario exposure under Combined Stress. Primary driver: Supplier. Potential lost-sales exposure is 557 units. Recommended contingency buffer is 619 units.
P01344,Office Supplies,Critical,Demand Volatility,Combined Stress,High,P2 - High,0.4804,Demand risk mitigation,Demand Planning,7-30 days,Prepare demand contingency and increase safety stock by approximately 225 units.,Prepare demand response,225,15.0,368.41,High,P2 - High scenario exposure under Combined Stress. Primary driver: Demand Volatility. Potential lost-sales exposure is 15 units. Recommended contingency buffer is 225 units.
P01215,Office Supplies,Low,Supplier,Combined Stress,High,P2 - High,0.48,Supplier risk mitigation,Procurement,7-30 days,Prepare alternate supplier coverage and increase inventory buffer by approximately 671 units.,Prepare alternate supplier,671,1402.0,8502.99,Medium,"P2 - High scenario exposure under Combined Stress. Primary driver: Supplier. Potential lost-sales exposure is 1,402 units. Recommended contingency buffer is 671 units."
P00071,Office Supplies,Critical,Demand Volatility,Combined Stress,High,P2 - High,0.4793,Demand risk mitigation,Demand Planning,7-30 days,Prepare demand contingency and increase safety stock by approximately 589 units.,Prepare demand response,589,0.0,700.41,Medium,P2 - High scenario exposure under Combined Stress. Primary driver: Demand Volatility. Potential lost-sales exposure is 0 units. Recommended contingency buffer is 589 units.
P00277,Office Supplies,High,Demand Volatility,Combined Stress,Moderate,P2 - High,0.479,Inventory buffer planning,Inventory Planning,7-30 days,Execute optimization recommendation: Immediate intervention.,Monitor scenario exposure,908,183.0,2014.96,Medium,"Optimization analysis recommends immediate intervention. Modeled cost impact is $12,239.07, with lost-sales change of 1,320 units."
P01192,Personal Care,Low,Supplier,Combined Stress,High,P2 - High,0.4772,Supplier risk mitigation,Procurement,7-30 days,Prepare alternate supplier coverage and increase inventory buffer by approximately 371 units.,Prepare alternate supplier,371,862.0,4467.15,High,P2 - High scenario exposure under Combined Stress. Primary driver: Supplier. Potential lost-sales exposure is 862 units. Recommended contingency buffer is 371 units.
P00750,Personal Care,Low,Supplier,Combined Stress,High,P2 - High,0.4762,Supplier risk mitigation,Procurement,7-30 days,Prepare alternate supplier coverage and increase inventory buffer by approximately 394 units.,Prepare alternate supplier,394,1430.0,6507.6,Medium,"P2 - High scenario exposure under Combined Stress. Primary driver: Supplier. Potential lost-sales exposure is 1,430 units. Recommended contingency buffer is 394 units."
P01533,Office Supplies,Critical,Demand Volatility,Combined Stress,High,P2 - High,0.4753,Demand risk mitigation,Demand Planning,7-30 days,"Prepare demand contingency and increase safety stock by approximately 1,044 units.",Prepare demand response,1044,66.0,1265.95,High,"P2 - High scenario exposure under Combined Stress. Primary driver: Demand Volatility. Potential lost-sales exposure is 66 units. Recommended contingency buffer is 1,044 units."
P01338,Office Supplies,Critical,Demand Volatility,Combined Stress,High,P2 - High,0.4749,Demand risk mitigation,Demand Planning,7-30 days,Prepare demand contingency and increase safety stock by approximately 464 units.,Prepare demand response,464,62.0,913.5,High,P2 - High scenario exposure under Combined Stress. Primary driver: Demand Volatility. Potential lost-sales exposure is 62 units. Recommended contingency buffer is 464 units.
P00382,Office Supplies,Low,Demand Volatility,Combined Stress,High,P2 - High,0.4729,Demand risk mitigation,Demand Planning,7-30 days,Prepare demand contingency and increase safety stock by approximately 600 units.,Prepare demand response,600,635.0,5628.28,High,P2 - High scenario exposure under Combined Stress. Primary driver: Demand Volatility. Potential lost-sales exposure is 635 units. Recommended contingency buffer is 600 units.
P01903,Office Supplies,Low,Demand Volatility,Combined Stress,High,P2 - High,0.4717,Demand risk mitigation,Demand Planning,7-30 days,Prepare demand contingency and increase safety stock by approximately 542 units.,Prepare demand response,542,739.0,5580.31,High,P2 - High scenario exposure under Combined Stress. Primary driver: Demand Volatility. Potential lost-sales exposure is 739 units. Recommended contingency buffer is 542 units.
P01179,Office Supplies,Low,Demand Volatility,Combined Stress,High,P2 - High,0.4708,Demand risk mitigation,Demand Planning,7-30 days,Prepare demand contingency and increase safety stock by approximately 581 units.,Prepare demand response,581,1249.0,7525.83,Medium,"P2 - High scenario exposure under Combined Stress. Primary driver: Demand Volatility. Potential lost-sales exposure is 1,249 units. Recommended contingency buffer is 581 units."
P01884,Office Supplies,Critical,Demand Volatility,Combined Stress,High,P2 - High,0.4698,Demand risk mitigation,Demand Planning,7-30 days,"Prepare demand contingency and increase safety stock by approximately 1,346 units.",Prepare demand response,1346,0.0,1224.2,High,"P2 - High scenario exposure under Combined Stress. Primary driver: Demand Volatility. Potential lost-sales exposure is 0 units. Recommended contingency buffer is 1,346 units."
P00160,Office Supplies,High,Demand Volatility,Combined Stress,High,P2 - High,0.4698,Demand risk mitigation,Demand Planning,7-30 days,"Prepare demand contingency and increase safety stock by approximately 1,029 units.",Prepare demand response,1029,0.0,1100.99,Medium,"P2 - High scenario exposure under Combined Stress. Primary driver: Demand Volatility. Potential lost-sales exposure is 0 units. Recommended contingency buffer is 1,029 units."
P01995,Office Supplies,High,Demand Volatility,Combined Stress,Moderate,P2 - High,0.4691,Inventory buffer planning,Inventory Planning,7-30 days,Execute optimization recommendation: Immediate intervention.,Monitor scenario exposure,405,32.0,931.95,Medium,"Optimization analysis recommends immediate intervention. Modeled cost impact is $10,227.87, with lost-sales change of 1,168 units."
P01631,Office Supplies,High,Demand Volatility,Combined Stress,Moderate,P2 - High,0.4689,Inventory buffer planning,Inventory Planning,7-30 days,Execute optimization recommendation: Immediate intervention.,Monitor scenario exposure,578,20.0,1140.74,Medium,"Optimization analysis recommends immediate intervention. Modeled cost impact is $7,001.46, with lost-sales change of 904 units."
P01510,Office Supplies,High,Demand Volatility,Combined Stress,High,P2 - High,0.4686,Demand risk mitigation,Demand Planning,7-30 days,Prepare demand contingency and increase safety stock by approximately 526 units.,Prepare demand response,526,80.0,1028.85,High,P2 - High scenario exposure under Combined Stress. Primary driver: Demand Volatility. Potential lost-sales exposure is 80 units. Recommended contingency buffer is 526 units.
P00781,Office Supplies,High,Demand Volatility,Combined Stress,High,P2 - High,0.4682,Demand risk mitigation,Demand Planning,7-30 days,Prepare demand contingency and increase safety stock by approximately 535 units.,Prepare demand response,535,102.0,1271.81,High,P2 - High scenario exposure under Combined Stress. Primary driver: Demand Volatility. Potential lost-sales exposure is 102 units. Recommended contingency buffer is 535 units.
P01057,Office Supplies,High,Demand Volatility,Combined Stress,Moderate,P2 - High,0.467,Inventory policy action,Inventory Planning,7-30 days,Execute optimization recommendation: Immediate intervention.,Monitor scenario exposure,397,0.0,717.3,Medium,"Optimization analysis recommends immediate intervention. Modeled cost impact is $9,977.12, with lost-sales change of 1,097 units."
P01806,Office Supplies,High,Demand Volatility,Combined Stress,Moderate,P2 - High,0.4658,Inventory buffer planning,Inventory Planning,7-30 days,Execute optimization recommendation: Immediate intervention.,Monitor scenario exposure,464,102.0,1032.37,Medium,"Optimization analysis recommends immediate intervention. Modeled cost impact is $8,012.07, with lost-sales change of 797 units."
P01925,Office Supplies,High,Demand Volatility,Combined Stress,Moderate,P2 - High,0.4655,Inventory buffer planning,Inventory Planning,7-30 days,Execute optimization recommendation: Immediate intervention.,Monitor scenario exposure,811,112.0,1897.5,Medium,"Optimization analysis recommends immediate intervention. Modeled cost impact is $8,739.54, with lost-sales change of 1,095 units."
P01190,Office Supplies,High,Demand Volatility,Combined Stress,High,P2 - High,0.4639,Demand risk mitigation,Demand Planning,7-30 days,Prepare demand contingency and increase safety stock by approximately 758 units.,Prepare demand response,758,12.0,1396.16,High,P2 - High scenario exposure under Combined Stress. Primary driver: Demand Volatility. Potential lost-sales exposure is 12 units. Recommended contingency buffer is 758 units.
P01078,Office Supplies,High,Demand Volatility,Combined Stress,Moderate,P2 - High,0.4636,Inventory policy action,Inventory Planning,7-30 days,Execute optimization recommendation: Immediate intervention.,Monitor scenario exposure,646,0.0,869.44,Medium,"Optimization analysis recommends immediate intervention. Modeled cost impact is $12,053.15, with lost-sales change of 1,188 units."
P01148,Office Supplies,High,Demand Volatility,Combined Stress,Moderate,P2 - High,0.4629,Inventory buffer planning,Inventory Planning,7-30 days,Execute optimization recommendation: Immediate intervention.,Monitor scenario exposure,828,17.0,1064.2,Medium,"Optimization analysis recommends immediate intervention. Modeled cost impact is $10,162.11, with lost-sales change of 901 units."
P00572,Office Supplies,Low,Supplier,Combined Stress,High,P2 - High,0.462,Supplier risk mitigation,Procurement,7-30 days,Prepare alternate supplier coverage and increase inventory buffer by approximately 702 units.,Prepare alternate supplier,702,1144.0,9199.18,Medium,"P2 - High scenario exposure under Combined Stress. Primary driver: Supplier. Potential lost-sales exposure is 1,144 units. Recommended contingency buffer is 702 units."
P01219,Office Supplies,Critical,Demand Volatility,Combined Stress,High,P2 - High,0.4595,Demand risk mitigation,Demand Planning,7-30 days,Prepare demand contingency and increase safety stock by approximately 157 units.,Prepare demand response,157,0.0,254.45,Medium,P2 - High scenario exposure under Combined Stress. Primary driver: Demand Volatility. Potential lost-sales exposure is 0 units. Recommended contingency buffer is 157 units.
P01620,Office Supplies,Critical,Demand Volatility,Combined Stress,Moderate,P2 - High,0.4586,Inventory policy action,Inventory Planning,7-30 days,Execute optimization recommendation: Immediate intervention.,Monitor scenario exposure,918,0.0,1372.44,Medium,"Optimization analysis recommends immediate intervention. Modeled cost impact is $3,380.08, with lost-sales change of 626 units."
P00934,Personal Care,Low,Demand Volatility,Combined Stress,High,P2 - High,0.4584,Demand risk mitigation,Demand Planning,7-30 days,Prepare demand contingency and increase safety stock by approximately 316 units.,Prepare demand response,316,631.0,3919.33,High,P2 - High scenario exposure under Combined Stress. Primary driver: Demand Volatility. Potential lost-sales exposure is 631 units. Recommended contingency buffer is 316 units.
P01600,Accessories,Low,Demand Volatility,Combined Stress,High,P2 - High,0.4581,Demand risk mitigation,Demand Planning,7-30 days,Prepare demand contingency and increase safety stock by approximately 488 units.,Prepare demand response,488,977.0,6026.72,Medium,P2 - High scenario exposure under Combined Stress. Primary driver: Demand Volatility. Potential lost-sales exposure is 977 units. Recommended contingency buffer is 488 units.
P00325,Accessories,Medium,Supplier,Combined Stress,High,P2 - High,0.4581,Supplier risk mitigation,Procurement,7-30 days,Prepare alternate supplier coverage and increase inventory buffer by approximately 625 units.,Prepare alternate supplier,625,820.0,4760.13,Medium,P2 - High scenario exposure under Combined Stress. Primary driver: Supplier. Potential lost-sales exposure is 820 units. Recommended contingency buffer is 625 units.
P01054,Office Supplies,Critical,Demand Volatility,Combined Stress,High,P2 - High,0.4572,Demand risk mitigation,Demand Planning,7-30 days,Prepare demand contingency and increase safety stock by approximately 575 units.,Prepare demand response,575,0.0,623.16,Medium,P2 - High scenario exposure under Combined Stress. Primary driver: Demand Volatility. Potential lost-sales exposure is 0 units. Recommended contingency buffer is 575 units.
P01305,Office Supplies,Critical,Demand Volatility,Combined Stress,High,P2 - High,0.4572,Demand risk mitigation,Demand Planning,7-30 days,Prepare demand contingency and increase safety stock by approximately 823 units.,Prepare demand response,823,0.0,838.93,Medium,P2 - High scenario exposure under Combined Stress. Primary driver: Demand Volatility. Potential lost-sales exposure is 0 units. Recommended contingency buffer is 823 units.
P01207,Office Supplies,Low,Demand Volatility,Combined Stress,High,P2 - High,0.4571,Demand risk mitigation,Demand Planning,7-30 days,Prepare demand contingency and increase safety stock by approximately 680 units.,Prepare demand response,680,1135.0,8835.79,Medium,"P2 - High scenario exposure under Combined Stress. Primary driver: Demand Volatility. Potential lost-sales exposure is 1,135 units. Recommended contingency buffer is 680 units."
P00208,Office Supplies,Low,Supplier,Combined Stress,High,P2 - High,0.457,Supplier risk mitigation,Procurement,7-30 days,Prepare alternate supplier coverage and increase inventory buffer by approximately 501 units.,Prepare alternate supplier,501,1273.0,7138.72,Medium,"P2 - High scenario exposure under Combined Stress. Primary driver: Supplier. Potential lost-sales exposure is 1,273 units. Recommended contingency buffer is 501 units."
P00075,Office Supplies,High,Demand Volatility,Combined Stress,High,P2 - High,0.4566,Demand risk mitigation,Demand Planning,7-30 days,Prepare demand contingency and increase safety stock by approximately 652 units.,Prepare demand response,652,114.0,1218.34,High,P2 - High scenario exposure under Combined Stress. Primary driver: Demand Volatility. Potential lost-sales exposure is 114 units. Recommended contingency buffer is 652 units.
P00433,Personal Care,Low,Supplier,Combined Stress,High,P2 - High,0.4564,Supplier risk mitigation,Procurement,7-30 days,Prepare alternate supplier coverage and increase inventory buffer by approximately 311 units.,Prepare alternate supplier,311,1110.0,5122.56,Medium,"P2 - High scenario exposure under Combined Stress. Primary driver: Supplier. Potential lost-sales exposure is 1,110 units. Recommended contingency buffer is 311 units."
P00891,Office Supplies,High,Demand Volatility,Combined Stress,Moderate,P2 - High,0.4557,Inventory buffer planning,Inventory Planning,7-30 days,Execute optimization recommendation: Immediate intervention.,Monitor scenario exposure,462,137.0,1224.05,Medium,"Optimization analysis recommends immediate intervention. Modeled cost impact is $7,038.07, with lost-sales change of 737 units."
P01905,Office Supplies,Critical,Demand Volatility,Combined Stress,High,P2 - High,0.4555,Demand risk mitigation,Demand Planning,7-30 days,"Prepare demand contingency and increase safety stock by approximately 1,494 units.",Prepare demand response,1494,33.0,1437.8,High,"P2 - High scenario exposure under Combined Stress. Primary driver: Demand Volatility. Potential lost-sales exposure is 33 units. Recommended contingency buffer is 1,494 units."
P00748,Personal Care,Low,Demand Volatility,Combined Stress,High,P2 - High,0.4544,Demand risk mitigation,Demand Planning,7-30 days,Prepare demand contingency and increase safety stock by approximately 436 units.,Prepare demand response,436,1161.0,6297.8,Medium,"P2 - High scenario exposure under Combined Stress. Primary driver: Demand Volatility. Potential lost-sales exposure is 1,161 units. Recommended contingency buffer is 436 units."
P01751,Personal Care,Low,Demand Volatility,Combined Stress,High,P2 - High,0.4523,Demand risk mitigation,Demand Planning,7-30 days,Prepare demand contingency and increase safety stock by approximately 435 units.,Prepare demand response,435,1102.0,6829.58,Medium,"P2 - High scenario exposure under Combined Stress. Primary driver: Demand Volatility. Potential lost-sales exposure is 1,102 units. Recommended contingency buffer is 435 units."
P01767,Office Supplies,High,Demand Volatility,Combined Stress,Moderate,P2 - High,0.452,Inventory buffer planning,Inventory Planning,7-30 days,Execute optimization recommendation: Immediate intervention.,Monitor scenario exposure,620,134.0,1320.72,Medium,"Optimization analysis recommends immediate intervention. Modeled cost impact is $7,853.04, with lost-sales change of 756 units."
P01574,Accessories,Low,Supplier,Combined Stress,High,P2 - High,0.4518,Supplier risk mitigation,Procurement,7-30 days,Prepare alternate supplier coverage and increase inventory buffer by approximately 350 units.,Prepare alternate supplier,350,1034.0,4960.5,Medium,"P2 - High scenario exposure under Combined Stress. Primary driver: Supplier. Potential lost-sales exposure is 1,034 units. Recommended contingency buffer is 350 units."
P00505,Office Supplies,High,Demand Volatility,Combined Stress,High,P2 - High,0.4503,Demand risk mitigation,Demand Planning,7-30 days,Prepare demand contingency and increase safety stock by approximately 245 units.,Prepare demand response,245,17.0,484.4,High,P2 - High scenario exposure under Combined Stress. Primary driver: Demand Volatility. Potential lost-sales exposure is 17 units. Recommended contingency buffer is 245 units.
P00569,Accessories,Low,Demand Volatility,Combined Stress,High,P2 - High,0.4497,Demand risk mitigation,Demand Planning,7-30 days,Prepare demand contingency and increase safety stock by approximately 344 units.,Prepare demand response,344,840.0,4325.86,High,P2 - High scenario exposure under Combined Stress. Primary driver: Demand Volatility. Potential lost-sales exposure is 840 units. Recommended contingency buffer is 344 units.
P01772,Office Supplies,Low,Supplier,Combined Stress,High,P2 - High,0.4465,Supplier risk mitigation,Procurement,7-30 days,Prepare alternate supplier coverage and increase inventory buffer by approximately 600 units.,Prepare alternate supplier,600,1152.0,7215.26,Medium,"P2 - High scenario exposure under Combined Stress. Primary driver: Supplier. Potential lost-sales exposure is 1,152 units. Recommended contingency buffer is 600 units."
P00327,Personal Care,Low,Supplier,Combined Stress,High,P2 - High,0.4462,Supplier risk mitigation,Procurement,7-30 days,Prepare alternate supplier coverage and increase inventory buffer by approximately 277 units.,Prepare alternate supplier,277,609.0,4061.84,High,P2 - High scenario exposure under Combined Stress. Primary driver: Supplier. Potential lost-sales exposure is 609 units. Recommended contingency buffer is 277 units.
P00728,Office Supplies,High,Demand Volatility,Combined Stress,Moderate,P2 - High,0.4457,Inventory buffer planning,Inventory Planning,7-30 days,Execute optimization recommendation: Immediate intervention.,Monitor scenario exposure,154,16.0,380.31,Medium,"Optimization analysis recommends immediate intervention. Modeled cost impact is $4,127.89, with lost-sales change of 448 units."
P00764,Office Supplies,High,Demand Volatility,Combined Stress,Moderate,P2 - High,0.444,Inventory buffer planning,Inventory Planning,7-30 days,Execute optimization recommendation: Immediate intervention.,Monitor scenario exposure,699,237.0,1776.49,Medium,"Optimization analysis recommends immediate intervention. Modeled cost impact is $4,944.00, with lost-sales change of 441 units."
P01271,Office Supplies,High,Demand Volatility,Combined Stress,Moderate,P2 - High,0.4434,Inventory policy action,Inventory Planning,7-30 days,Execute optimization recommendation: Immediate intervention.,Monitor scenario exposure,115,0.0,252.79,Medium,"Optimization analysis recommends immediate intervention. Modeled cost impact is $2,774.64, with lost-sales change of 293 units."
P01109,Office Supplies,Low,Supplier,Combined Stress,High,P2 - High,0.4432,Supplier risk mitigation,Procurement,7-30 days,Prepare alternate supplier coverage and increase inventory buffer by approximately 419 units.,Prepare alternate supplier,419,574.0,5088.69,High,P2 - High scenario exposure under Combined Stress. Primary driver: Supplier. Potential lost-sales exposure is 574 units. Recommended contingency buffer is 419 units.
P01389,Accessories,Low,Supplier,Combined Stress,High,P2 - High,0.4431,Supplier risk mitigation,Procurement,7-30 days,Prepare alternate supplier coverage and increase inventory buffer by approximately 317 units.,Prepare alternate supplier,317,826.0,3954.07,Medium,P2 - High scenario exposure under Combined Stress. Primary driver: Supplier. Potential lost-sales exposure is 826 units. Recommended contingency buffer is 317 units.
P01025,Accessories,Low,Demand Volatility,Combined Stress,High,P2 - High,0.442,Demand risk mitigation,Demand Planning,7-30 days,Prepare demand contingency and increase safety stock by approximately 359 units.,Prepare demand response,359,927.0,5704.11,Medium,P2 - High scenario exposure under Combined Stress. Primary driver: Demand Volatility. Potential lost-sales exposure is 927 units. Recommended contingency buffer is 359 units.
P01135,Office Supplies,High,Demand Volatility,Combined Stress,High,P2 - High,0.4419,Demand risk mitigation,Demand Planning,7-30 days,Prepare demand contingency and increase safety stock by approximately 311 units.,Prepare demand response,311,5.0,472.31,High,P2 - High scenario exposure under Combined Stress. Primary driver: Demand Volatility. Potential lost-sales exposure is 5 units. Recommended contingency buffer is 311 units.
P01434,Office Supplies,Critical,Demand Volatility,Combined Stress,Moderate,P2 - High,0.4409,Inventory buffer planning,Inventory Planning,7-30 days,Execute optimization recommendation: Immediate intervention.,Monitor scenario exposure,169,28.0,412.87,Medium,"Optimization analysis recommends immediate intervention. Modeled cost impact is $1,302.68, with lost-sales change of 168 units."
